Address:,USB0::0x0957::0x179B::MY59127615::0::INSTR,,Analog Channels,,,
Model:,DSO-X 2002A,,Time (s),1 (VOLT),2 (VOLT),
Serial Number:,MY59127615,,-0.025,-0.408683402463794,0.0691960044205189,
Firmware Version:,02.50.2019022736,,-0.0249496,-0.436020080000162,0.0852764043956995,
Start Time:,2023-04-17 16:07:10.557,,-0.0248992,-0.436020080000162,0.125477404333651,
,,,-0.0248488,-0.408683402463794,0.10135680437088,
Analog Sample Count:,992,,-0.0247984,-0.436020080000162,0.10135680437088,
Function Sample Count:,0,,-0.024748,-0.408683402463794,0.10135680437088,
Waveform Memory Sample Count:,0,,-0.0246976,-0.408683402463794,0.133517604321241,
Digital Sample Count:,0,,-0.0246472,-0.46335675753653,0.133517604321241,
,,,-0.0245968,-0.490693435072899,0.0450754044577479,
Setup Text Information:,,,-0.0245464,-0.408683402463794,0.10135680437088,
ANALOG,,,-0.024496,-0.490693435072899,0.10939700435847,
Channel 1,,,-0.0244456,-0.46335675753653,0.133517604321241,
Scale,680 mV/,,-0.0243952,-0.46335675753653,0.0531156044453382,
Pos,-272 mV,,-0.0243448,-0.46335675753653,0.0852764043956995,
Coup,,,-0.0242944,-0.381346724927425,0.125477404333651,
BW,Off,,-0.024244,-0.436020080000162,0.0289950044825673,
Inv,Off,,-0.0241936,-0.46335675753653,0.117437204346061,
Imp,1M Ohm,,-0.0241432,-0.408683402463794,0.0531156044453382,
Trace Label,1,,-0.0240928,-0.46335675753653,-0.00316579546779394,
Probe,1,,-0.0240424,-0.46335675753653,0.0129146045073867,
Skew,0 s,,-0.023992,-0.490693435072899,0.0852764043956995,
,,,-0.0239416,-0.436020080000162,0.0772362044081092,
Channel 2,,,-0.0238912,-0.46335675753653,0.0531156044453382,
Scale,200 mV/,,-0.0238408,-0.408683402463794,0.0129146045073867,
Pos,230 mV,,-0.0237904,-0.381346724927425,-0.00316579546779394,
Coup,,,-0.02374,-0.46335675753653,0.00487440451979637,
BW,Off,,-0.0236896,-0.436020080000162,0.020954804494977,
Inv,Off,,-0.0236392,-0.46335675753653,0.0289950044825673,
Imp,1M Ohm,,-0.0235888,-0.408683402463794,0.0370352044701576,
Trace Label,2,,-0.0235384,-0.46335675753653,0.020954804494977,
Probe,1,,-0.023488,-0.436020080000162,-0.0433667954057455,
Skew,0 s,,-0.0234376,-0.490693435072899,-0.0272863954305649,
,,,-0.0233872,-0.46335675753653,-0.0594471953809261,
MATH,,,-0.0233368,-0.408683402463794,0.020954804494977,
REFERENCE WAVEFORM,,,-0.0232864,-0.436020080000162,0.020954804494977,
TRIGGER,,,-0.023236,-0.408683402463794,-0.0272863954305649,
Sweep Mode,NORM,,-0.0231856,-0.436020080000162,-0.0996481953188777,
Coup,DC,,-0.0231352,-0.436020080000162,-0.0433667954057455,
Noise Rej,Off,,-0.0230848,-0.436020080000162,-0.0272863954305649,
HF Rej,Off,,-0.0230344,-0.408683402463794,-0.107688395306468,
Holdoff,40.0 ns,,-0.022984,-0.436020080000162,-0.0272863954305649,
Mode,EDGE,,-0.0229336,-0.408683402463794,-0.0594471953809261,
Source,CHAN1,,-0.0228832,-0.436020080000162,-0.0353265954181552,
Slope,POS,,-0.0228328,-0.381346724927425,-0.0192461954429746,
Level,-20 mV V,,-0.0227824,-0.408683402463794,-0.0514069953933358,
,,,-0.022732,-0.354010047391057,0.020954804494977,
HORIZONTAL,,,-0.0226816,-0.408683402463794,-0.00316579546779394,
Mode,MAIN,,-0.0226312,-0.436020080000162,0.0289950044825673,
Ref,CENT,,-0.0225808,-0.381346724927425,-0.0674873953685164,
Main Scale,5 ms/,,-0.0225304,-0.436020080000162,-0.0112059954553843,
Main Delay,0 s,,-0.02248,-0.408683402463794,-0.0674873953685164,
,,,-0.0224296,-0.408683402463794,-0.0353265954181552,
ACQUISITION,,,-0.0223792,-0.408683402463794,-0.0835677953436971,
Mode,NORM,,-0.0223288,-0.354010047391057,-0.107688395306468,
RealTime,On,,-0.0222784,-0.408683402463794,-0.0433667954057455,
Vectors,On,,-0.022228,-0.381346724927425,-0.0755275953561068,
Persistence,Off,,-0.0221776,-0.381346724927425,-0.0996481953188777,
,,,-0.0221272,-0.408683402463794,-0.0353265954181552,
,,,-0.0220768,-0.408683402463794,-0.0835677953436971,
,,,-0.0220264,-0.381346724927425,-0.0514069953933358,
,,,-0.021976,-0.436020080000162,-0.0594471953809261,
,,,-0.0219256,-0.381346724927425,-0.1639697952196,
,,,-0.0218752,-0.408683402463794,-0.0514069953933358,
,,,-0.0218248,-0.326673369854689,-0.131808995269239,
,,,-0.0217744,-0.381346724927425,-0.0755275953561068,
,,,-0.021724,-0.354010047391057,-0.00316579546779394,
,,,-0.0216736,-0.272000014781952,-0.115728595294058,
,,,-0.0216232,-0.381346724927425,0.020954804494977,
,,,-0.0215728,-0.354010047391057,-0.00316579546779394,
,,,-0.0215224,-0.354010047391057,-0.0755275953561068,
,,,-0.021472,-0.354010047391057,-0.0112059954553843,
,,,-0.0214216,-0.326673369854689,-0.0433667954057455,
,,,-0.0213712,-0.354010047391057,-0.0112059954553843,
,,,-0.0213208,-0.326673369854689,-0.0916079953312874,
,,,-0.0212704,-0.326673369854689,-0.0916079953312874,
,,,-0.02122,-0.326673369854689,0.00487440451979637,
,,,-0.0211696,-0.272000014781952,-0.0594471953809261,
,,,-0.0211192,-0.29933669231832,-0.0594471953809261,
,,,-0.0210688,-0.29933669231832,-0.0514069953933358,
,,,-0.0210184,-0.29933669231832,0.0129146045073867,
,,,-0.020968,-0.272000014781952,-0.0353265954181552,
,,,-0.0209176,-0.272000014781952,-0.0996481953188777,
,,,-0.0208672,-0.272000014781952,0.00487440451979637,
,,,-0.0208168,-0.244663337245584,-0.0514069953933358,
,,,-0.0207664,-0.244663337245584,-0.0353265954181552,
,,,-0.020716,-0.189989982172847,-0.0433667954057455,
,,,-0.0206656,-0.217326659709215,-0.0433667954057455,
,,,-0.0206152,-0.244663337245584,-0.0755275953561068,
,,,-0.0205648,-0.162653304636478,-0.123768795281649,
,,,-0.0205144,-0.217326659709215,-0.0674873953685164,
,,,-0.020464,-0.217326659709215,0.00487440451979637,
,,,-0.0204136,-0.189989982172847,-0.0433667954057455,
,,,-0.0203632,-0.189989982172847,0.00487440451979637,
,,,-0.0203128,-0.217326659709215,-0.00316579546779394,
,,,-0.0202624,-0.162653304636478,-0.0433667954057455,
,,,-0.020212,-0.162653304636478,-0.0433667954057455,
,,,-0.0201616,-0.189989982172847,-0.115728595294058,
,,,-0.0201112,-0.13531662710011,-0.0112059954553843,
,,,-0.0200608,-0.162653304636478,-0.0514069953933358,
,,,-0.0200104,-0.189989982172847,-0.0835677953436971,
,,,-0.01996,-0.13531662710011,-0.0835677953436971,
,,,-0.0199096,-0.0806432720273733,-0.0192461954429746,
,,,-0.0198592,-0.107979949563742,-0.0272863954305649,
,,,-0.0198088,-0.0806432720273733,-0.0272863954305649,
,,,-0.0197584,-0.0806432720273733,-0.00316579546779394,
,,,-0.019708,-0.0806432720273733,-0.0192461954429746,
,,,-0.0196576,-0.107979949563742,-0.0674873953685164,
,,,-0.0196072,-0.0806432720273733,-0.0433667954057455,
,,,-0.0195568,-0.0533065944910049,0.0370352044701576,
,,,-0.0195064,-0.0533065944910049,-0.0353265954181552,
,,,-0.019456,-0.0806432720273733,-0.0272863954305649,
,,,-0.0194056,-0.0806432720273733,-0.0755275953561068,
,,,-0.0193552,0.0013667605817318,-0.0755275953561068,
,,,-0.0193048,-0.0533065944910049,0.0129146045073867,
,,,-0.0192544,-0.0259699169546366,-0.0272863954305649,
,,,-0.019204,-0.0259699169546366,-0.0272863954305649,
,,,-0.0191536,-0.0259699169546366,-0.0433667954057455,
,,,-0.0191032,-0.0259699169546366,-0.0594471953809261,
,,,-0.0190528,0.0287034381181002,-0.0433667954057455,
,,,-0.0190024,0.0013667605817318,-0.0755275953561068,
,,,-0.018952,0.0013667605817318,-0.0112059954553843,
,,,-0.0189016,0.0287034381181002,-0.0353265954181552,
,,,-0.0188512,0.0013667605817318,-0.0594471953809261,
,,,-0.0188008,0.0287034381181002,-0.0192461954429746,
,,,-0.0187504,0.0013667605817318,-0.0272863954305649,
,,,-0.0187,0.0013667605817318,0.00487440451979637,
,,,-0.0186496,0.0287034381181002,-0.0192461954429746,
,,,-0.0185992,0.0287034381181002,-0.0514069953933358,
,,,-0.0185488,0.0013667605817318,-0.0594471953809261,
,,,-0.0184984,0.0833767931908369,-0.0353265954181552,
,,,-0.018448,0.0560401156544685,-0.0272863954305649,
,,,-0.0183976,0.0833767931908369,-0.0272863954305649,
,,,-0.0183472,0.0833767931908369,-0.0433667954057455,
,,,-0.0182968,0.0833767931908369,-0.0192461954429746,
,,,-0.0182464,0.110713470727205,-0.0594471953809261,
,,,-0.018196,0.138050148263574,0.00487440451979637,
,,,-0.0181456,0.165386825799942,-0.00316579546779394,
,,,-0.0180952,0.110713470727205,-0.0353265954181552,
,,,-0.0180448,0.110713470727205,-0.0192461954429746,
,,,-0.0179944,0.138050148263574,-0.0594471953809261,
,,,-0.017944,0.165386825799942,0.00487440451979637,
,,,-0.0178936,0.19272350333631,-0.0112059954553843,
,,,-0.0178432,0.138050148263574,-0.0272863954305649,
,,,-0.0177928,0.138050148263574,-0.0272863954305649,
,,,-0.0177424,0.165386825799942,-0.0433667954057455,
,,,-0.017692,0.138050148263574,-0.0353265954181552,
,,,-0.0176416,0.19272350333631,-0.0112059954553843,
,,,-0.0175912,0.19272350333631,0.00487440451979637,
,,,-0.0175408,0.165386825799942,-0.0112059954553843,
,,,-0.0174904,0.19272350333631,0.00487440451979637,
,,,-0.01744,0.247396858409047,-0.0272863954305649,
,,,-0.0173896,0.220060180872679,-0.0112059954553843,
,,,-0.0173392,0.247396858409047,0.0289950044825673,
,,,-0.0172888,0.165386825799942,-0.00316579546779394,
,,,-0.0172384,0.220060180872679,-0.0272863954305649,
,,,-0.017188,0.274733535945416,-0.0353265954181552,
,,,-0.0171376,0.19272350333631,-0.0112059954553843,
,,,-0.0170872,0.220060180872679,0.020954804494977,
,,,-0.0170368,0.19272350333631,-0.00316579546779394,
,,,-0.0169864,0.274733535945416,-0.00316579546779394,
,,,-0.016936,0.274733535945416,-0.0272863954305649,
,,,-0.0168856,0.302070213481784,0.0129146045073867,
,,,-0.0168352,0.302070213481784,0.00487440451979637,
,,,-0.0167848,0.274733535945416,-0.0192461954429746,
,,,-0.0167344,0.247396858409047,0.0129146045073867,
,,,-0.016684,0.302070213481784,-0.0433667954057455,
,,,-0.0166336,0.302070213481784,0.0129146045073867,
,,,-0.0165832,0.329406891018152,-0.0192461954429746,
,,,-0.0165328,0.302070213481784,-0.0353265954181552,
,,,-0.0164824,0.302070213481784,0.0129146045073867,
,,,-0.016432,0.329406891018152,0.020954804494977,
,,,-0.0163816,0.329406891018152,0.0289950044825673,
,,,-0.0163312,0.356743568554521,-0.0192461954429746,
,,,-0.0162808,0.384080246090889,0.0370352044701576,
,,,-0.0162304,0.356743568554521,0.0289950044825673,
,,,-0.01618,0.384080246090889,0.0289950044825673,
,,,-0.0161296,0.329406891018152,0.020954804494977,
,,,-0.0160792,0.356743568554521,-0.0112059954553843,
,,,-0.0160288,0.384080246090889,0.0289950044825673,
,,,-0.0159784,0.329406891018152,0.020954804494977,
,,,-0.015928,0.356743568554521,0.0531156044453382,
,,,-0.0158776,0.384080246090889,0.0450754044577479,
,,,-0.0158272,0.384080246090889,0.0370352044701576,
,,,-0.0157768,0.356743568554521,-0.00316579546779394,
,,,-0.0157264,0.411416923627257,0.00487440451979637,
,,,-0.015676,0.384080246090889,-0.0112059954553843,
,,,-0.0156256,0.466090278699994,-0.0112059954553843,
,,,-0.0155752,0.384080246090889,0.0129146045073867,
,,,-0.0155248,0.411416923627257,0.00487440451979637,
,,,-0.0154744,0.384080246090889,-0.0112059954553843,
,,,-0.015424,0.384080246090889,0.00487440451979637,
,,,-0.0153736,0.411416923627257,-0.00316579546779394,
,,,-0.0153232,0.384080246090889,0.0611558044329286,
,,,-0.0152728,0.411416923627257,0.020954804494977,
,,,-0.0152224,0.411416923627257,0.0611558044329286,
,,,-0.015172,0.411416923627257,0.0933166043832898,
,,,-0.0151216,0.411416923627257,0.0852764043956995,
,,,-0.0150712,0.411416923627257,0.0933166043832898,
,,,-0.0150208,0.411416923627257,0.0933166043832898,
,,,-0.0149704,0.411416923627257,0.0933166043832898,
,,,-0.01492,0.411416923627257,0.0852764043956995,
,,,-0.0148696,0.411416923627257,0.117437204346061,
,,,-0.0148192,0.384080246090889,0.117437204346061,
,,,-0.0147688,0.438753601163626,0.141557804308832,
,,,-0.0147184,0.438753601163626,0.133517604321241,
,,,-0.014668,0.438753601163626,0.149598004296422,
,,,-0.0146176,0.438753601163626,0.181758804246783,
,,,-0.0145672,0.411416923627257,0.149598004296422,
,,,-0.0145168,0.438753601163626,0.133517604321241,
,,,-0.0144664,0.411416923627257,0.149598004296422,
,,,-0.014416,0.411416923627257,0.173718604259193,
,,,-0.0143656,0.411416923627257,0.149598004296422,
,,,-0.0143152,0.411416923627257,0.165678404271603,
,,,-0.0142648,0.411416923627257,0.173718604259193,
,,,-0.0142144,0.438753601163626,0.125477404333651,
,,,-0.014164,0.438753601163626,0.141557804308832,
,,,-0.0141136,0.411416923627257,0.141557804308832,
,,,-0.0140632,0.411416923627257,0.10135680437088,
,,,-0.0140128,0.438753601163626,0.0691960044205189,
,,,-0.0139624,0.384080246090889,0.0852764043956995,
,,,-0.013912,0.438753601163626,0.0611558044329286,
,,,-0.0138616,0.411416923627257,0.0933166043832898,
,,,-0.0138112,0.384080246090889,0.0370352044701576,
,,,-0.0137608,0.411416923627257,0.0531156044453382,
,,,-0.0137104,0.356743568554521,0.0370352044701576,
,,,-0.01366,0.384080246090889,0.0289950044825673,
,,,-0.0136096,0.411416923627257,0.020954804494977,
,,,-0.0135592,0.466090278699994,0.020954804494977,
,,,-0.0135088,0.356743568554521,0.0129146045073867,
,,,-0.0134584,0.438753601163626,-0.0272863954305649,
,,,-0.013408,0.356743568554521,0.0129146045073867,
,,,-0.0133576,0.438753601163626,-0.0514069953933358,
,,,-0.0133072,0.384080246090889,0.00487440451979637,
,,,-0.0132568,0.438753601163626,-0.0192461954429746,
,,,-0.0132064,0.384080246090889,-0.0433667954057455,
,,,-0.013156,0.384080246090889,-0.0594471953809261,
,,,-0.0131056,0.411416923627257,-0.0192461954429746,
,,,-0.0130552,0.384080246090889,-0.0353265954181552,
,,,-0.0130048,0.411416923627257,-0.0433667954057455,
,,,-0.0129544,0.411416923627257,-0.0835677953436971,
,,,-0.012904,0.384080246090889,-0.0674873953685164,
,,,-0.0128536,0.438753601163626,-0.0192461954429746,
,,,-0.0128032,0.356743568554521,-0.0353265954181552,
,,,-0.0127528,0.384080246090889,-0.0835677953436971,
,,,-0.0127024,0.384080246090889,-0.0112059954553843,
,,,-0.012652,0.384080246090889,-0.0835677953436971,
,,,-0.0126016,0.466090278699994,-0.0835677953436971,
,,,-0.0125512,0.384080246090889,-0.0433667954057455,
,,,-0.0125008,0.384080246090889,-0.0674873953685164,
,,,-0.0124504,0.384080246090889,-0.0755275953561068,
,,,-0.0124,0.384080246090889,-0.0192461954429746,
,,,-0.0123496,0.411416923627257,-0.0514069953933358,
,,,-0.0122992,0.329406891018152,-0.0272863954305649,
,,,-0.0122488,0.438753601163626,-0.0514069953933358,
,,,-0.0121984,0.411416923627257,-0.0674873953685164,
,,,-0.012148,0.384080246090889,-0.0916079953312874,
,,,-0.0120976,0.384080246090889,-0.0996481953188777,
,,,-0.0120472,0.329406891018152,-0.0674873953685164,
,,,-0.0119968,0.356743568554521,-0.0916079953312874,
,,,-0.0119464,0.356743568554521,-0.0755275953561068,
,,,-0.011896,0.329406891018152,-0.0514069953933358,
,,,-0.0118456,0.356743568554521,-0.115728595294058,
,,,-0.0117952,0.356743568554521,-0.0594471953809261,
,,,-0.0117448,0.302070213481784,-0.0514069953933358,
,,,-0.0116944,0.329406891018152,-0.0674873953685164,
,,,-0.011644,0.329406891018152,-0.0192461954429746,
,,,-0.0115936,0.329406891018152,-0.0353265954181552,
,,,-0.0115432,0.329406891018152,-0.0272863954305649,
,,,-0.0114928,0.274733535945416,-0.0353265954181552,
,,,-0.0114424,0.329406891018152,-0.0112059954553843,
,,,-0.011392,0.356743568554521,-0.0433667954057455,
,,,-0.0113416,0.329406891018152,-0.0514069953933358,
,,,-0.0112912,0.302070213481784,-0.0594471953809261,
,,,-0.0112408,0.274733535945416,-0.0674873953685164,
,,,-0.0111904,0.274733535945416,-0.0594471953809261,
,,,-0.01114,0.274733535945416,-0.0353265954181552,
,,,-0.0110896,0.247396858409047,-0.0514069953933358,
,,,-0.0110392,0.274733535945416,0.0370352044701576,
,,,-0.0109888,0.220060180872679,-0.0594471953809261,
,,,-0.0109384,0.220060180872679,-0.0353265954181552,
,,,-0.010888,0.220060180872679,-0.0272863954305649,
,,,-0.0108376,0.220060180872679,-0.00316579546779394,
,,,-0.0107872,0.19272350333631,-0.0594471953809261,
,,,-0.0107368,0.19272350333631,-0.0272863954305649,
,,,-0.0106864,0.220060180872679,-0.0112059954553843,
,,,-0.010636,0.19272350333631,-0.0996481953188777,
,,,-0.0105856,0.138050148263574,-0.0272863954305649,
,,,-0.0105352,0.165386825799942,0.020954804494977,
,,,-0.0104848,0.165386825799942,-0.0514069953933358,
,,,-0.0104344,0.165386825799942,-0.0192461954429746,
,,,-0.010384,0.138050148263574,-0.0353265954181552,
,,,-0.0103336,0.165386825799942,-0.0112059954553843,
,,,-0.0102832,0.138050148263574,-0.00316579546779394,
,,,-0.0102328,0.165386825799942,-0.0755275953561068,
,,,-0.0101824,0.138050148263574,-0.0996481953188777,
,,,-0.010132,0.138050148263574,-0.0192461954429746,
,,,-0.0100816,0.138050148263574,-0.00316579546779394,
,,,-0.0100312,0.110713470727205,0.00487440451979637,
,,,-0.0099808,0.110713470727205,0.0129146045073867,
,,,-0.0099304,0.0560401156544685,-0.0353265954181552,
,,,-0.00988,0.0833767931908369,0.0129146045073867,
,,,-0.0098296,0.0833767931908369,0.020954804494977,
,,,-0.0097792,0.0833767931908369,-0.0272863954305649,
,,,-0.0097288,0.0833767931908369,0.00487440451979637,
,,,-0.0096784,0.0560401156544685,-0.0272863954305649,
,,,-0.009628,0.0560401156544685,-0.0272863954305649,
,,,-0.0095776,0.0560401156544685,-0.0192461954429746,
,,,-0.0095272,0.0287034381181002,-0.0192461954429746,
,,,-0.0094768,-0.0259699169546366,0.0289950044825673,
,,,-0.0094264,0.0560401156544685,0.020954804494977,
,,,-0.009376,0.0013667605817318,-0.0433667954057455,
,,,-0.0093256,0.0013667605817318,-0.0594471953809261,
,,,-0.0092752,-0.0259699169546366,-0.0835677953436971,
,,,-0.0092248,0.0013667605817318,-0.00316579546779394,
,,,-0.0091744,0.0013667605817318,-0.0835677953436971,
,,,-0.009124,-0.0259699169546366,0.00487440451979637,
,,,-0.0090736,0.0013667605817318,0.0129146045073867,
,,,-0.0090232,-0.0259699169546366,0.0129146045073867,
,,,-0.0089728,0.0013667605817318,-0.0192461954429746,
,,,-0.0089224,0.0287034381181002,-0.0835677953436971,
,,,-0.008872,-0.0533065944910049,-0.0514069953933358,
,,,-0.0088216,-0.0806432720273733,-0.0433667954057455,
,,,-0.0087712,-0.0533065944910049,-0.0192461954429746,
,,,-0.0087208,-0.0259699169546366,-0.0112059954553843,
,,,-0.0086704,-0.107979949563742,0.0289950044825673,
,,,-0.00862,-0.0533065944910049,-0.0112059954553843,
,,,-0.0085696,-0.0806432720273733,0.020954804494977,
,,,-0.0085192,-0.107979949563742,0.020954804494977,
,,,-0.0084688,-0.13531662710011,0.020954804494977,
,,,-0.0084184,-0.0806432720273733,-0.0353265954181552,
,,,-0.008368,-0.107979949563742,-0.0192461954429746,
,,,-0.0083176,-0.0806432720273733,-0.0272863954305649,
,,,-0.0082672,-0.107979949563742,-0.0192461954429746,
,,,-0.0082168,-0.107979949563742,0.00487440451979637,
,,,-0.0081664,-0.13531662710011,0.0129146045073867,
,,,-0.008116,-0.162653304636478,-0.00316579546779394,
,,,-0.0080656,-0.107979949563742,-0.0192461954429746,
,,,-0.0080152,-0.107979949563742,-0.0192461954429746,
,,,-0.0079648,-0.189989982172847,0.0289950044825673,
,,,-0.0079144,-0.189989982172847,0.0450754044577479,
,,,-0.007864,-0.162653304636478,0.0531156044453382,
,,,-0.0078136,-0.162653304636478,0.0129146045073867,
,,,-0.0077632,-0.189989982172847,-0.0514069953933358,
,,,-0.0077128,-0.217326659709215,0.0129146045073867,
,,,-0.0076624,-0.217326659709215,0.0129146045073867,
,,,-0.007612,-0.217326659709215,-0.0192461954429746,
,,,-0.0075616,-0.217326659709215,-0.0112059954553843,
,,,-0.0075112,-0.189989982172847,0.020954804494977,
,,,-0.0074608,-0.217326659709215,0.0531156044453382,
,,,-0.0074104,-0.244663337245584,0.0289950044825673,
,,,-0.00736,-0.217326659709215,-0.0353265954181552,
,,,-0.0073096,-0.217326659709215,-0.0272863954305649,
,,,-0.0072592,-0.244663337245584,-0.0112059954553843,
,,,-0.0072088,-0.272000014781952,0.0450754044577479,
,,,-0.0071584,-0.272000014781952,0.0450754044577479,
,,,-0.007108,-0.354010047391057,0.0772362044081092,
,,,-0.0070576,-0.272000014781952,0.0531156044453382,
,,,-0.0070072,-0.29933669231832,0.0772362044081092,
,,,-0.0069568,-0.272000014781952,-0.0433667954057455,
,,,-0.0069064,-0.272000014781952,-0.0192461954429746,
,,,-0.006856,-0.326673369854689,-0.0112059954553843,
,,,-0.0068056,-0.272000014781952,0.020954804494977,
,,,-0.0067552,-0.326673369854689,0.020954804494977,
,,,-0.0067048,-0.272000014781952,0.0611558044329286,
,,,-0.0066544,-0.326673369854689,0.0531156044453382,
,,,-0.006604,-0.326673369854689,0.0129146045073867,
,,,-0.0065536,-0.354010047391057,0.0450754044577479,
,,,-0.0065032,-0.29933669231832,0.0450754044577479,
,,,-0.0064528,-0.354010047391057,-0.0112059954553843,
,,,-0.0064024,-0.354010047391057,-0.0192461954429746,
,,,-0.006352,-0.326673369854689,0.0691960044205189,
,,,-0.0063016,-0.326673369854689,0.00487440451979637,
,,,-0.0062512,-0.354010047391057,0.00487440451979637,
,,,-0.0062008,-0.354010047391057,0.0289950044825673,
,,,-0.0061504,-0.381346724927425,0.0289950044825673,
,,,-0.0061,-0.381346724927425,0.020954804494977,
,,,-0.0060496,-0.381346724927425,-0.00316579546779394,
,,,-0.0059992,-0.381346724927425,0.020954804494977,
,,,-0.0059488,-0.408683402463794,0.0289950044825673,
,,,-0.0058984,-0.436020080000162,0.0531156044453382,
,,,-0.005848,-0.381346724927425,0.0611558044329286,
,,,-0.0057976,-0.408683402463794,-0.0112059954553843,
,,,-0.0057472,-0.408683402463794,0.0450754044577479,
,,,-0.0056968,-0.381346724927425,0.0129146045073867,
,,,-0.0056464,-0.436020080000162,-0.0272863954305649,
,,,-0.005596,-0.381346724927425,-0.0433667954057455,
,,,-0.0055456,-0.408683402463794,0.020954804494977,
,,,-0.0054952,-0.381346724927425,-0.0272863954305649,
,,,-0.0054448,-0.436020080000162,-0.0353265954181552,
,,,-0.0053944,-0.381346724927425,-0.0272863954305649,
,,,-0.005344,-0.408683402463794,0.020954804494977,
,,,-0.0052936,-0.436020080000162,0.0691960044205189,
,,,-0.0052432,-0.436020080000162,-0.00316579546779394,
,,,-0.0051928,-0.490693435072899,0.020954804494977,
,,,-0.0051424,-0.436020080000162,0.00487440451979637,
,,,-0.005092,-0.408683402463794,0.0531156044453382,
,,,-0.0050416,-0.436020080000162,0.0531156044453382,
,,,-0.0049912,-0.46335675753653,0.00487440451979637,
,,,-0.0049408,-0.46335675753653,0.0450754044577479,
,,,-0.0048904,-0.381346724927425,0.0933166043832898,
,,,-0.00484,-0.408683402463794,0.0691960044205189,
,,,-0.0047896,-0.46335675753653,0.117437204346061,
,,,-0.0047392,-0.436020080000162,0.0772362044081092,
,,,-0.0046888,-0.436020080000162,0.0370352044701576,
,,,-0.0046384,-0.436020080000162,0.0772362044081092,
,,,-0.004588,-0.46335675753653,0.10135680437088,
,,,-0.0045376,-0.436020080000162,0.0933166043832898,
,,,-0.0044872,-0.436020080000162,0.141557804308832,
,,,-0.0044368,-0.436020080000162,0.117437204346061,
,,,-0.0043864,-0.46335675753653,0.0933166043832898,
,,,-0.004336,-0.408683402463794,0.0691960044205189,
,,,-0.0042856,-0.436020080000162,0.0531156044453382,
,,,-0.0042352,-0.46335675753653,0.0531156044453382,
,,,-0.0041848,-0.436020080000162,0.0611558044329286,
,,,-0.0041344,-0.46335675753653,0.0691960044205189,
,,,-0.004084,-0.436020080000162,0.117437204346061,
,,,-0.0040336,-0.46335675753653,0.0611558044329286,
,,,-0.0039832,-0.46335675753653,0.0289950044825673,
,,,-0.0039328,-0.436020080000162,0.0289950044825673,
,,,-0.0038824,-0.436020080000162,-0.0112059954553843,
,,,-0.003832,-0.436020080000162,0.0289950044825673,
,,,-0.0037816,-0.381346724927425,-0.0112059954553843,
,,,-0.0037312,-0.46335675753653,-0.0192461954429746,
,,,-0.0036808,-0.436020080000162,0.020954804494977,
,,,-0.0036304,-0.381346724927425,-0.0112059954553843,
,,,-0.00358,-0.408683402463794,-0.0192461954429746,
,,,-0.0035296,-0.436020080000162,0.0129146045073867,
,,,-0.0034792,-0.436020080000162,-0.0192461954429746,
,,,-0.0034288,-0.436020080000162,-0.0433667954057455,
,,,-0.0033784,-0.436020080000162,0.0129146045073867,
,,,-0.003328,-0.490693435072899,-0.0112059954553843,
,,,-0.0032776,-0.408683402463794,-0.0272863954305649,
,,,-0.0032272,-0.436020080000162,-0.0353265954181552,
,,,-0.0031768,-0.408683402463794,-0.0514069953933358,
,,,-0.0031264,-0.436020080000162,-0.0353265954181552,
,,,-0.003076,-0.381346724927425,-0.0755275953561068,
,,,-0.0030256,-0.436020080000162,0.020954804494977,
,,,-0.0029752,-0.436020080000162,-0.0514069953933358,
,,,-0.0029248,-0.408683402463794,-0.0192461954429746,
,,,-0.0028744,-0.408683402463794,-0.0433667954057455,
,,,-0.002824,-0.408683402463794,-0.0514069953933358,
,,,-0.0027736,-0.46335675753653,-0.0755275953561068,
,,,-0.0027232,-0.408683402463794,-0.0594471953809261,
,,,-0.0026728,-0.436020080000162,0.0129146045073867,
,,,-0.0026224,-0.46335675753653,-0.0514069953933358,
,,,-0.002572,-0.408683402463794,-0.0594471953809261,
,,,-0.0025216,-0.408683402463794,-0.0272863954305649,
,,,-0.0024712,-0.354010047391057,-0.0674873953685164,
,,,-0.0024208,-0.408683402463794,-0.0433667954057455,
,,,-0.0023704,-0.436020080000162,-0.0353265954181552,
,,,-0.00232,-0.408683402463794,-0.0272863954305649,
,,,-0.0022696,-0.408683402463794,-0.0674873953685164,
,,,-0.0022192,-0.381346724927425,-0.0674873953685164,
,,,-0.0021688,-0.381346724927425,-0.0674873953685164,
,,,-0.0021184,-0.381346724927425,-0.0433667954057455,
,,,-0.002068,-0.381346724927425,-0.0835677953436971,
,,,-0.0020176,-0.354010047391057,-0.0594471953809261,
,,,-0.0019672,-0.436020080000162,-0.0594471953809261,
,,,-0.0019168,-0.381346724927425,-0.0433667954057455,
,,,-0.0018664,-0.381346724927425,-0.0755275953561068,
,,,-0.001816,-0.354010047391057,-0.0433667954057455,
,,,-0.0017656,-0.381346724927425,-0.0755275953561068,
,,,-0.0017152,-0.381346724927425,-0.0272863954305649,
,,,-0.0016648,-0.381346724927425,-0.0674873953685164,
,,,-0.0016144,-0.354010047391057,-0.0353265954181552,
,,,-0.001564,-0.354010047391057,-0.0272863954305649,
,,,-0.0015136,-0.326673369854689,-0.0594471953809261,
,,,-0.0014632,-0.354010047391057,-0.0353265954181552,
,,,-0.0014128,-0.326673369854689,-0.0192461954429746,
,,,-0.0013624,-0.354010047391057,-0.0835677953436971,
,,,-0.001312,-0.326673369854689,-0.0353265954181552,
,,,-0.0012616,-0.29933669231832,-0.0514069953933358,
,,,-0.0012112,-0.29933669231832,-0.00316579546779394,
,,,-0.0011608,-0.29933669231832,-0.0755275953561068,
,,,-0.0011104,-0.29933669231832,-0.0433667954057455,
,,,-0.00106,-0.272000014781952,-0.0433667954057455,
,,,-0.0010096,-0.29933669231832,-0.0755275953561068,
,,,-0.000959200000000004,-0.272000014781952,-0.0674873953685164,
,,,-0.000908800000000001,-0.244663337245584,-0.0272863954305649,
,,,-0.000858400000000002,-0.244663337245584,-0.0674873953685164,
,,,-0.000808000000000003,-0.217326659709215,-0.0755275953561068,
,,,-0.000757600000000001,-0.244663337245584,-0.0594471953809261,
,,,-0.000707200000000002,-0.244663337245584,-0.0514069953933358,
,,,-0.000656800000000003,-0.189989982172847,-0.0112059954553843,
,,,-0.000606400000000003,-0.189989982172847,-0.0916079953312874,
,,,-0.000556000000000001,-0.217326659709215,-0.0755275953561068,
,,,-0.000505600000000002,-0.217326659709215,-0.0996481953188777,
,,,-0.000455200000000003,-0.162653304636478,-0.0674873953685164,
,,,-0.000404800000000004,-0.217326659709215,-0.0674873953685164,
,,,-0.000354400000000001,-0.217326659709215,-0.0594471953809261,
,,,-0.000304000000000002,-0.13531662710011,-0.00316579546779394,
,,,-0.000253600000000003,-0.189989982172847,-0.0594471953809261,
,,,-0.000203200000000001,-0.107979949563742,-0.0433667954057455,
,,,-0.000152800000000002,-0.13531662710011,-0.0353265954181552,
,,,-0.000102400000000002,-0.13531662710011,-0.0674873953685164,
,,,-5.20000000000034E-05,-0.189989982172847,-0.0514069953933358,
,,,-1.60000000000091E-06,-0.162653304636478,-0.0272863954305649,
,,,4.87999999999982E-05,-0.107979949563742,-0.0594471953809261,
,,,9.91999999999972E-05,-0.107979949563742,-0.0755275953561068,
,,,0.000149599999999996,-0.107979949563742,-0.0112059954553843,
,,,0.000199999999999999,-0.0533065944910049,-0.0353265954181552,
,,,0.000250399999999998,-0.107979949563742,-0.0514069953933358,
,,,0.000300799999999997,-0.0533065944910049,-0.0433667954057455,
,,,0.000351199999999999,-0.0533065944910049,-0.0192461954429746,
,,,0.000401599999999998,-0.0259699169546366,-0.0916079953312874,
,,,0.000451999999999998,-0.0259699169546366,-0.0755275953561068,
,,,0.000502399999999997,-0.0533065944910049,-0.0514069953933358,
,,,0.000552799999999999,-0.0533065944910049,-0.0514069953933358,
,,,0.000603199999999998,-0.0259699169546366,-0.0594471953809261,
,,,0.000653599999999997,-0.0533065944910049,-0.0755275953561068,
,,,0.000703999999999996,-0.0806432720273733,-0.0353265954181552,
,,,0.000754399999999999,-0.0259699169546366,-0.0192461954429746,
,,,0.000804799999999998,-0.0259699169546366,-0.0674873953685164,
,,,0.000855199999999997,-0.0533065944910049,-0.0594471953809261,
,,,0.000905599999999999,-0.0259699169546366,-0.0192461954429746,
,,,0.000955999999999999,-0.0533065944910049,-0.0755275953561068,
,,,0.0010064,0.0287034381181002,-0.0835677953436971,
,,,0.0010568,-0.0259699169546366,-0.0353265954181552,
,,,0.0011072,0.0287034381181002,-0.0514069953933358,
,,,0.0011576,0.0287034381181002,-0.0433667954057455,
,,,0.001208,0.0013667605817318,-0.0674873953685164,
,,,0.0012584,0.0560401156544685,-0.0272863954305649,
,,,0.0013088,0.0287034381181002,-0.0514069953933358,
,,,0.0013592,0.0833767931908369,-0.0192461954429746,
,,,0.0014096,0.0560401156544685,0.0129146045073867,
,,,0.00146,0.0833767931908369,-0.0272863954305649,
,,,0.0015104,0.110713470727205,-0.0112059954553843,
,,,0.0015608,0.110713470727205,-0.0192461954429746,
,,,0.0016112,0.110713470727205,-0.0112059954553843,
,,,0.0016616,0.110713470727205,-0.0112059954553843,
,,,0.001712,0.0833767931908369,-0.00316579546779394,
,,,0.0017624,0.0833767931908369,-0.0514069953933358,
,,,0.0018128,0.110713470727205,-0.0433667954057455,
,,,0.0018632,0.0833767931908369,-0.0272863954305649,
,,,0.0019136,0.0833767931908369,0.0129146045073867,
,,,0.001964,0.110713470727205,-0.0594471953809261,
,,,0.0020144,0.138050148263574,-0.0594471953809261,
,,,0.0020648,0.0833767931908369,-0.0192461954429746,
,,,0.0021152,0.138050148263574,-0.0353265954181552,
,,,0.0021656,0.138050148263574,-0.0192461954429746,
,,,0.002216,0.138050148263574,-0.0272863954305649,
,,,0.0022664,0.138050148263574,0.0129146045073867,
,,,0.0023168,0.19272350333631,-0.0112059954553843,
,,,0.0023672,0.165386825799942,-0.0353265954181552,
,,,0.0024176,0.19272350333631,-0.0433667954057455,
,,,0.002468,0.19272350333631,-0.0272863954305649,
,,,0.0025184,0.220060180872679,-0.0272863954305649,
,,,0.0025688,0.19272350333631,0.00487440451979637,
,,,0.0026192,0.220060180872679,0.00487440451979637,
,,,0.0026696,0.19272350333631,-0.0192461954429746,
,,,0.00272,0.19272350333631,-0.0272863954305649,
,,,0.0027704,0.19272350333631,-0.0272863954305649,
,,,0.0028208,0.247396858409047,-0.0192461954429746,
,,,0.0028712,0.247396858409047,-0.00316579546779394,
,,,0.0029216,0.247396858409047,0.0129146045073867,
,,,0.002972,0.247396858409047,-0.0112059954553843,
,,,0.0030224,0.274733535945416,-0.0272863954305649,
,,,0.0030728,0.247396858409047,0.020954804494977,
,,,0.0031232,0.302070213481784,0.0370352044701576,
,,,0.0031736,0.302070213481784,-0.0272863954305649,
,,,0.003224,0.274733535945416,-0.0353265954181552,
,,,0.0032744,0.302070213481784,-0.0112059954553843,
,,,0.0033248,0.302070213481784,0.0289950044825673,
,,,0.0033752,0.274733535945416,-0.0353265954181552,
,,,0.0034256,0.302070213481784,-0.0112059954553843,
,,,0.003476,0.274733535945416,-0.0272863954305649,
,,,0.0035264,0.329406891018152,0.0289950044825673,
,,,0.0035768,0.329406891018152,-0.00316579546779394,
,,,0.0036272,0.356743568554521,-0.00316579546779394,
,,,0.0036776,0.329406891018152,-0.00316579546779394,
,,,0.003728,0.329406891018152,0.00487440451979637,
,,,0.0037784,0.356743568554521,0.0129146045073867,
,,,0.0038288,0.329406891018152,-0.0272863954305649,
,,,0.0038792,0.329406891018152,-0.0272863954305649,
,,,0.0039296,0.329406891018152,0.0129146045073867,
,,,0.00398,0.384080246090889,0.0370352044701576,
,,,0.0040304,0.356743568554521,0.0450754044577479,
,,,0.0040808,0.411416923627257,0.0691960044205189,
,,,0.0041312,0.411416923627257,-0.0112059954553843,
,,,0.0041816,0.356743568554521,0.0772362044081092,
,,,0.004232,0.384080246090889,-0.00316579546779394,
,,,0.0042824,0.438753601163626,0.0691960044205189,
,,,0.0043328,0.356743568554521,-0.0192461954429746,
,,,0.0043832,0.411416923627257,-0.0353265954181552,
,,,0.0044336,0.356743568554521,0.00487440451979637,
,,,0.004484,0.356743568554521,0.00487440451979637,
,,,0.0045344,0.411416923627257,0.0370352044701576,
,,,0.0045848,0.438753601163626,-0.0353265954181552,
,,,0.0046352,0.438753601163626,-0.0192461954429746,
,,,0.0046856,0.438753601163626,0.0370352044701576,
,,,0.004736,0.411416923627257,0.020954804494977,
,,,0.0047864,0.384080246090889,0.00487440451979637,
,,,0.0048368,0.411416923627257,0.0531156044453382,
,,,0.0048872,0.384080246090889,0.0370352044701576,
,,,0.0049376,0.438753601163626,0.0289950044825673,
,,,0.004988,0.411416923627257,0.0289950044825673,
,,,0.0050384,0.438753601163626,0.125477404333651,
,,,0.0050888,0.384080246090889,0.0852764043956995,
,,,0.0051392,0.438753601163626,0.10939700435847,
,,,0.0051896,0.438753601163626,0.157638204284012,
,,,0.00524,0.411416923627257,0.10135680437088,
,,,0.0052904,0.438753601163626,0.141557804308832,
,,,0.0053408,0.411416923627257,0.149598004296422,
,,,0.0053912,0.438753601163626,0.141557804308832,
,,,0.0054416,0.411416923627257,0.173718604259193,
,,,0.005492,0.466090278699994,0.205879404209554,
,,,0.0055424,0.384080246090889,0.181758804246783,
,,,0.0055928,0.411416923627257,0.165678404271603,
,,,0.0056432,0.438753601163626,0.165678404271603,
,,,0.0056936,0.411416923627257,0.149598004296422,
,,,0.005744,0.411416923627257,0.181758804246783,
,,,0.0057944,0.411416923627257,0.125477404333651,
,,,0.0058448,0.438753601163626,0.141557804308832,
,,,0.0058952,0.438753601163626,0.0772362044081092,
,,,0.0059456,0.411416923627257,0.0852764043956995,
,,,0.005996,0.384080246090889,0.0933166043832898,
,,,0.0060464,0.438753601163626,0.0691960044205189,
,,,0.0060968,0.411416923627257,0.0289950044825673,
,,,0.0061472,0.411416923627257,0.0852764043956995,
,,,0.0061976,0.384080246090889,0.0611558044329286,
,,,0.006248,0.411416923627257,0.0129146045073867,
,,,0.0062984,0.438753601163626,0.0531156044453382,
,,,0.00634879999999999,0.411416923627257,-0.0112059954553843,
,,,0.0063992,0.438753601163626,0.0450754044577479,
,,,0.0064496,0.411416923627257,-0.00316579546779394,
,,,0.0065,0.384080246090889,0.00487440451979637,
,,,0.0065504,0.438753601163626,0.0289950044825673,
,,,0.0066008,0.411416923627257,-0.0112059954553843,
,,,0.0066512,0.384080246090889,-0.0272863954305649,
,,,0.0067016,0.438753601163626,-0.0353265954181552,
,,,0.006752,0.411416923627257,-0.0594471953809261,
,,,0.0068024,0.438753601163626,-0.0594471953809261,
,,,0.0068528,0.411416923627257,0.0129146045073867,
,,,0.0069032,0.438753601163626,-0.00316579546779394,
,,,0.0069536,0.411416923627257,-0.0594471953809261,
,,,0.007004,0.384080246090889,-0.0353265954181552,
,,,0.0070544,0.411416923627257,-0.00316579546779394,
,,,0.00710479999999999,0.384080246090889,-0.0755275953561068,
,,,0.0071552,0.411416923627257,-0.0835677953436971,
,,,0.0072056,0.438753601163626,-0.0674873953685164,
,,,0.007256,0.356743568554521,-0.0272863954305649,
,,,0.0073064,0.411416923627257,-0.0594471953809261,
,,,0.0073568,0.384080246090889,-0.0755275953561068,
,,,0.0074072,0.411416923627257,-0.107688395306468,
,,,0.00745759999999999,0.356743568554521,-0.0594471953809261,
,,,0.007508,0.411416923627257,-0.0353265954181552,
,,,0.0075584,0.384080246090889,-0.0272863954305649,
,,,0.0076088,0.384080246090889,-0.0835677953436971,
,,,0.0076592,0.384080246090889,-0.0594471953809261,
,,,0.0077096,0.384080246090889,-0.0594471953809261,
,,,0.00776,0.356743568554521,-0.131808995269239,
,,,0.0078104,0.329406891018152,-0.0674873953685164,
,,,0.0078608,0.411416923627257,-0.0674873953685164,
,,,0.0079112,0.384080246090889,-0.0835677953436971,
,,,0.0079616,0.356743568554521,-0.0674873953685164,
,,,0.008012,0.329406891018152,-0.0916079953312874,
,,,0.0080624,0.329406891018152,-0.0192461954429746,
,,,0.0081128,0.356743568554521,-0.0192461954429746,
,,,0.0081632,0.356743568554521,-0.0674873953685164,
,,,0.00821359999999999,0.302070213481784,-0.0433667954057455,
,,,0.008264,0.329406891018152,-0.0916079953312874,
,,,0.0083144,0.384080246090889,-0.0514069953933358,
,,,0.0083648,0.302070213481784,-0.0755275953561068,
,,,0.0084152,0.329406891018152,-0.0353265954181552,
,,,0.0084656,0.274733535945416,-0.0192461954429746,
,,,0.008516,0.302070213481784,-0.0433667954057455,
,,,0.00856639999999999,0.356743568554521,-0.0433667954057455,
,,,0.0086168,0.302070213481784,-0.0755275953561068,
,,,0.0086672,0.274733535945416,-0.0514069953933358,
,,,0.0087176,0.302070213481784,-0.0433667954057455,
,,,0.008768,0.302070213481784,-0.0594471953809261,
,,,0.0088184,0.274733535945416,-0.0835677953436971,
,,,0.0088688,0.274733535945416,-0.0594471953809261,
,,,0.0089192,0.274733535945416,-0.0916079953312874,
,,,0.00896959999999999,0.274733535945416,-0.0353265954181552,
,,,0.00902,0.247396858409047,-0.0433667954057455,
,,,0.0090704,0.220060180872679,-0.0192461954429746,
,,,0.0091208,0.220060180872679,-0.0916079953312874,
,,,0.0091712,0.247396858409047,-0.0272863954305649,
,,,0.0092216,0.247396858409047,-0.0433667954057455,
,,,0.009272,0.220060180872679,0.0129146045073867,
,,,0.00932239999999999,0.220060180872679,-0.00316579546779394,
,,,0.0093728,0.19272350333631,-0.0112059954553843,
,,,0.0094232,0.165386825799942,-0.0514069953933358,
,,,0.0094736,0.165386825799942,-0.0112059954553843,
,,,0.009524,0.165386825799942,-0.0514069953933358,
,,,0.0095744,0.165386825799942,-0.0353265954181552,
,,,0.0096248,0.138050148263574,-0.0272863954305649,
,,,0.00967519999999999,0.138050148263574,-0.0433667954057455,
,,,0.0097256,0.165386825799942,0.00487440451979637,
,,,0.009776,0.165386825799942,-0.0674873953685164,
,,,0.0098264,0.138050148263574,-0.0433667954057455,
,,,0.0098768,0.138050148263574,-0.0112059954553843,
,,,0.0099272,0.0560401156544685,-0.0192461954429746,
,,,0.0099776,0.0833767931908369,-0.0755275953561068,
,,,0.010028,0.110713470727205,-0.0272863954305649,
,,,0.0100784,0.110713470727205,-0.0353265954181552,
,,,0.0101288,0.0833767931908369,-0.0433667954057455,
,,,0.0101792,0.110713470727205,0.0129146045073867,
,,,0.0102296,0.0560401156544685,0.020954804494977,
,,,0.01028,0.0560401156544685,-0.0272863954305649,
,,,0.0103304,0.0833767931908369,-0.0514069953933358,
,,,0.0103808,0.0560401156544685,-0.0353265954181552,
,,,0.0104312,0.0833767931908369,-0.0272863954305649,
,,,0.0104816,0.0560401156544685,-0.0112059954553843,
,,,0.010532,0.0833767931908369,0.00487440451979637,
,,,0.0105824,0.0560401156544685,-0.0514069953933358,
,,,0.0106328,0.0013667605817318,-0.0272863954305649,
,,,0.0106832,0.0287034381181002,-0.0192461954429746,
,,,0.0107336,-0.0259699169546366,0.0129146045073867,
,,,0.010784,0.0287034381181002,-0.0433667954057455,
,,,0.0108344,-0.0533065944910049,-0.0594471953809261,
,,,0.0108848,-0.0259699169546366,-0.0433667954057455,
,,,0.0109352,-0.0259699169546366,-0.0353265954181552,
,,,0.0109856,-0.0806432720273733,-0.0192461954429746,
,,,0.011036,0.0013667605817318,-0.0755275953561068,
,,,0.0110864,-0.0259699169546366,-0.0433667954057455,
,,,0.0111368,-0.0259699169546366,-0.0514069953933358,
,,,0.0111872,-0.0533065944910049,-0.0353265954181552,
,,,0.0112376,-0.0259699169546366,-0.0192461954429746,
,,,0.011288,-0.0806432720273733,-0.0674873953685164,
,,,0.0113384,-0.0533065944910049,-0.00316579546779394,
,,,0.0113888,-0.0533065944910049,-0.0514069953933358,
,,,0.0114392,-0.0806432720273733,-0.0433667954057455,
,,,0.0114896,-0.0806432720273733,-0.0433667954057455,
,,,0.01154,-0.0806432720273733,-0.0353265954181552,
,,,0.0115904,-0.0533065944910049,-0.0433667954057455,
,,,0.0116408,-0.107979949563742,-0.0594471953809261,
,,,0.0116912,-0.107979949563742,-0.0353265954181552,
,,,0.0117416,-0.107979949563742,-0.0112059954553843,
,,,0.011792,-0.107979949563742,-0.0514069953933358,
,,,0.0118424,-0.13531662710011,-0.0353265954181552,
,,,0.0118928,-0.13531662710011,-0.0433667954057455,
,,,0.0119432,-0.162653304636478,-0.00316579546779394,
,,,0.0119936,-0.162653304636478,0.00487440451979637,
,,,0.012044,-0.13531662710011,-0.0514069953933358,
,,,0.0120944,-0.13531662710011,0.0129146045073867,
,,,0.0121448,-0.162653304636478,-0.00316579546779394,
,,,0.0121952,-0.189989982172847,-0.0353265954181552,
,,,0.0122456,-0.189989982172847,-0.0353265954181552,
,,,0.012296,-0.189989982172847,-0.00316579546779394,
,,,0.0123464,-0.189989982172847,-0.00316579546779394,
,,,0.0123968,-0.189989982172847,0.0450754044577479,
,,,0.0124472,-0.244663337245584,0.0129146045073867,
,,,0.0124976,-0.217326659709215,-0.0192461954429746,
,,,0.012548,-0.217326659709215,-0.0112059954553843,
,,,0.0125984,-0.272000014781952,-0.0192461954429746,
,,,0.0126488,-0.217326659709215,0.020954804494977,
,,,0.0126992,-0.217326659709215,0.0129146045073867,
,,,0.0127496,-0.272000014781952,0.020954804494977,
,,,0.0128,-0.272000014781952,-0.0192461954429746,
,,,0.0128504,-0.244663337245584,0.0129146045073867,
,,,0.0129008,-0.272000014781952,-0.0112059954553843,
,,,0.0129512,-0.272000014781952,0.0129146045073867,
,,,0.0130016,-0.29933669231832,0.0129146045073867,
,,,0.013052,-0.272000014781952,0.0370352044701576,
,,,0.0131024,-0.29933669231832,0.0450754044577479,
,,,0.0131528,-0.244663337245584,0.00487440451979637,
,,,0.0132032,-0.354010047391057,0.0129146045073867,
,,,0.0132536,-0.272000014781952,-0.0272863954305649,
,,,0.013304,-0.29933669231832,-0.0272863954305649,
,,,0.0133544,-0.29933669231832,0.0289950044825673,
,,,0.0134048,-0.272000014781952,0.020954804494977,
,,,0.0134552,-0.272000014781952,0.0129146045073867,
,,,0.0135056,-0.354010047391057,0.00487440451979637,
,,,0.013556,-0.326673369854689,-0.0192461954429746,
,,,0.0136064,-0.354010047391057,0.0531156044453382,
,,,0.0136568,-0.326673369854689,0.020954804494977,
,,,0.0137072,-0.354010047391057,0.020954804494977,
,,,0.0137576,-0.381346724927425,-0.0192461954429746,
,,,0.013808,-0.354010047391057,0.0531156044453382,
,,,0.0138584,-0.408683402463794,0.0370352044701576,
,,,0.0139088,-0.381346724927425,-0.0112059954553843,
,,,0.0139592,-0.381346724927425,0.0370352044701576,
,,,0.0140096,-0.354010047391057,-0.0112059954553843,
,,,0.01406,-0.381346724927425,0.0289950044825673,
,,,0.0141104,-0.354010047391057,0.00487440451979637,
,,,0.0141608,-0.381346724927425,0.0450754044577479,
,,,0.0142112,-0.408683402463794,0.0129146045073867,
,,,0.0142616,-0.381346724927425,-0.0112059954553843,
,,,0.014312,-0.381346724927425,0.0129146045073867,
,,,0.0143624,-0.436020080000162,-0.0192461954429746,
,,,0.0144128,-0.408683402463794,-0.0112059954553843,
,,,0.0144632,-0.408683402463794,-0.0192461954429746,
,,,0.0145136,-0.408683402463794,-0.0272863954305649,
,,,0.014564,-0.408683402463794,-0.00316579546779394,
,,,0.0146144,-0.381346724927425,-0.0112059954553843,
,,,0.0146648,-0.408683402463794,-0.0112059954553843,
,,,0.0147152,-0.46335675753653,-0.00316579546779394,
,,,0.0147656,-0.408683402463794,0.0289950044825673,
,,,0.014816,-0.408683402463794,-0.0192461954429746,
,,,0.0148664,-0.490693435072899,-0.00316579546779394,
,,,0.0149168,-0.408683402463794,0.020954804494977,
,,,0.0149672,-0.408683402463794,0.0450754044577479,
,,,0.0150176,-0.408683402463794,0.0289950044825673,
,,,0.015068,-0.46335675753653,0.0611558044329286,
,,,0.0151184,-0.408683402463794,0.0852764043956995,
,,,0.0151688,-0.436020080000162,0.10135680437088,
,,,0.0152192,-0.436020080000162,0.10939700435847,
,,,0.0152696,-0.436020080000162,0.0450754044577479,
,,,0.01532,-0.46335675753653,0.10135680437088,
,,,0.0153704,-0.490693435072899,0.0933166043832898,
,,,0.0154208,-0.436020080000162,0.133517604321241,
,,,0.0154712,-0.408683402463794,0.0691960044205189,
,,,0.0155216,-0.46335675753653,0.0772362044081092,
,,,0.015572,-0.46335675753653,0.0691960044205189,
,,,0.0156224,-0.518030112609267,0.0852764043956995,
,,,0.0156728,-0.436020080000162,0.133517604321241,
,,,0.0157232,-0.436020080000162,0.0691960044205189,
,,,0.0157736,-0.408683402463794,0.0852764043956995,
,,,0.015824,-0.46335675753653,0.0611558044329286,
,,,0.0158744,-0.490693435072899,0.0691960044205189,
,,,0.0159248,-0.436020080000162,0.0531156044453382,
,,,0.0159752,-0.46335675753653,0.10135680437088,
,,,0.0160256,-0.46335675753653,0.0370352044701576,
,,,0.016076,-0.490693435072899,0.0450754044577479,
,,,0.0161264,-0.46335675753653,0.0129146045073867,
,,,0.0161768,-0.46335675753653,-0.0272863954305649,
,,,0.0162272,-0.436020080000162,0.00487440451979637,
,,,0.0162776,-0.436020080000162,0.0129146045073867,
,,,0.016328,-0.436020080000162,-0.0112059954553843,
,,,0.0163784,-0.46335675753653,-0.00316579546779394,
,,,0.0164288,-0.436020080000162,-0.0272863954305649,
,,,0.0164792,-0.436020080000162,-0.0353265954181552,
,,,0.0165296,-0.46335675753653,0.020954804494977,
,,,0.01658,-0.408683402463794,0.00487440451979637,
,,,0.0166304,-0.436020080000162,-0.00316579546779394,
,,,0.0166808,-0.46335675753653,-0.0433667954057455,
,,,0.0167312,-0.436020080000162,-0.0353265954181552,
,,,0.0167816,-0.408683402463794,-0.0514069953933358,
,,,0.016832,-0.436020080000162,-0.0112059954553843,
,,,0.0168824,-0.436020080000162,-0.00316579546779394,
,,,0.0169328,-0.408683402463794,-0.0112059954553843,
,,,0.0169832,-0.46335675753653,0.0129146045073867,
,,,0.0170336,-0.408683402463794,-0.0433667954057455,
,,,0.017084,-0.436020080000162,-0.0192461954429746,
,,,0.0171344,-0.46335675753653,-0.0674873953685164,
,,,0.0171848,-0.408683402463794,-0.0353265954181552,
,,,0.0172352,-0.46335675753653,-0.0594471953809261,
,,,0.0172856,-0.436020080000162,-0.0514069953933358,
,,,0.017336,-0.381346724927425,-0.0514069953933358,
,,,0.0173864,-0.408683402463794,-0.0272863954305649,
,,,0.0174368,-0.408683402463794,-0.0835677953436971,
,,,0.0174872,-0.436020080000162,-0.0755275953561068,
,,,0.0175376,-0.408683402463794,-0.0674873953685164,
,,,0.017588,-0.46335675753653,-0.0674873953685164,
,,,0.0176384,-0.408683402463794,-0.0433667954057455,
,,,0.0176888,-0.436020080000162,-0.0594471953809261,
,,,0.0177392,-0.408683402463794,-0.0674873953685164,
,,,0.0177896,-0.436020080000162,-0.0916079953312874,
,,,0.01784,-0.354010047391057,-0.0916079953312874,
,,,0.0178904,-0.381346724927425,-0.0272863954305649,
,,,0.0179408,-0.381346724927425,-0.0835677953436971,
,,,0.0179912,-0.381346724927425,-0.0916079953312874,
,,,0.0180416,-0.381346724927425,-0.0835677953436971,
,,,0.018092,-0.381346724927425,-0.0674873953685164,
,,,0.0181424,-0.408683402463794,-0.0433667954057455,
,,,0.0181928,-0.354010047391057,-0.0594471953809261,
,,,0.0182432,-0.381346724927425,-0.0272863954305649,
,,,0.0182936,-0.354010047391057,-0.0192461954429746,
,,,0.018344,-0.354010047391057,0.00487440451979637,
,,,0.0183944,-0.354010047391057,-0.00316579546779394,
,,,0.0184448,-0.29933669231832,-0.0514069953933358,
,,,0.0184952,-0.326673369854689,-0.0272863954305649,
,,,0.0185456,-0.381346724927425,0.020954804494977,
,,,0.018596,-0.326673369854689,-0.0192461954429746,
,,,0.0186464,-0.29933669231832,-0.0514069953933358,
,,,0.0186968,-0.326673369854689,-0.0112059954553843,
,,,0.0187472,-0.29933669231832,0.00487440451979637,
,,,0.0187976,-0.29933669231832,-0.0272863954305649,
,,,0.018848,-0.326673369854689,-0.0514069953933358,
,,,0.0188984,-0.29933669231832,-0.0755275953561068,
,,,0.0189488,-0.272000014781952,-0.0272863954305649,
,,,0.0189992,-0.244663337245584,-0.0755275953561068,
,,,0.0190496,-0.272000014781952,-0.0272863954305649,
,,,0.0191,-0.29933669231832,-0.0514069953933358,
,,,0.0191504,-0.244663337245584,-0.0353265954181552,
,,,0.0192008,-0.272000014781952,0.00487440451979637,
,,,0.0192512,-0.217326659709215,-0.0755275953561068,
,,,0.0193016,-0.189989982172847,-0.0755275953561068,
,,,0.019352,-0.189989982172847,-0.0514069953933358,
,,,0.0194024,-0.189989982172847,-0.0353265954181552,
,,,0.0194528,-0.217326659709215,-0.0916079953312874,
,,,0.0195032,-0.217326659709215,-0.0916079953312874,
,,,0.0195536,-0.189989982172847,-0.0433667954057455,
,,,0.019604,-0.189989982172847,-0.0272863954305649,
,,,0.0196544,-0.162653304636478,-0.0916079953312874,
,,,0.0197048,-0.162653304636478,-0.0272863954305649,
,,,0.0197552,-0.162653304636478,-0.0594471953809261,
,,,0.0198056,-0.189989982172847,-0.0996481953188777,
,,,0.019856,-0.13531662710011,-0.00316579546779394,
,,,0.0199064,-0.13531662710011,-0.0594471953809261,
,,,0.0199568,-0.162653304636478,-0.0112059954553843,
,,,0.0200072,-0.162653304636478,-0.0433667954057455,
,,,0.0200576,-0.13531662710011,0.0129146045073867,
,,,0.020108,-0.13531662710011,-0.0433667954057455,
,,,0.0201584,-0.0806432720273733,-0.0755275953561068,
,,,0.0202088,-0.13531662710011,-0.0594471953809261,
,,,0.0202592,-0.107979949563742,-0.0755275953561068,
,,,0.0203096,-0.0533065944910049,-0.0674873953685164,
,,,0.02036,-0.13531662710011,-0.0594471953809261,
,,,0.0204104,-0.0806432720273733,-0.0594471953809261,
,,,0.0204608,-0.107979949563742,-0.0916079953312874,
,,,0.0205112,-0.0533065944910049,0.0129146045073867,
,,,0.0205616,-0.0806432720273733,-0.0272863954305649,
,,,0.020612,-0.0533065944910049,-0.0755275953561068,
,,,0.0206624,-0.0533065944910049,-0.0835677953436971,
,,,0.0207128,-0.0259699169546366,-0.0674873953685164,
,,,0.0207632,-0.0259699169546366,-0.0353265954181552,
,,,0.0208136,0.0013667605817318,-0.0272863954305649,
,,,0.020864,0.0287034381181002,-0.0514069953933358,
,,,0.0209144,-0.0259699169546366,-0.0272863954305649,
,,,0.0209648,0.0013667605817318,-0.0594471953809261,
,,,0.0210152,-0.0533065944910049,-0.0755275953561068,
,,,0.0210656,0.0287034381181002,-0.0755275953561068,
,,,0.021116,0.0013667605817318,-0.0272863954305649,
,,,0.0211664,0.0287034381181002,-0.0755275953561068,
,,,0.0212168,0.0560401156544685,-0.0192461954429746,
,,,0.0212672,0.0013667605817318,-0.0353265954181552,
,,,0.0213176,0.0560401156544685,-0.00316579546779394,
,,,0.021368,0.0560401156544685,-0.0192461954429746,
,,,0.0214184,0.0560401156544685,-0.0514069953933358,
,,,0.0214688,0.0560401156544685,-0.0433667954057455,
,,,0.0215192,0.0833767931908369,-0.0272863954305649,
,,,0.0215696,0.0560401156544685,-0.0353265954181552,
,,,0.02162,0.0833767931908369,-0.0192461954429746,
,,,0.0216704,0.0560401156544685,-0.0353265954181552,
,,,0.0217208,0.0560401156544685,0.00487440451979637,
,,,0.0217712,0.0833767931908369,0.020954804494977,
,,,0.0218216,0.110713470727205,-0.00316579546779394,
,,,0.021872,0.110713470727205,-0.0272863954305649,
,,,0.0219224,0.110713470727205,-0.0272863954305649,
,,,0.0219728,0.110713470727205,-0.0353265954181552,
,,,0.0220232,0.110713470727205,-0.00316579546779394,
,,,0.0220736,0.110713470727205,0.0370352044701576,
,,,0.022124,0.138050148263574,0.00487440451979637,
,,,0.0221744,0.110713470727205,-0.00316579546779394,
,,,0.0222248,0.19272350333631,-0.0192461954429746,
,,,0.0222752,0.138050148263574,0.0370352044701576,
,,,0.0223256,0.19272350333631,0.0289950044825673,
,,,0.022376,0.138050148263574,0.0129146045073867,
,,,0.0224264,0.138050148263574,0.0370352044701576,
,,,0.0224768,0.165386825799942,0.0450754044577479,
,,,0.0225272,0.247396858409047,-0.0112059954553843,
,,,0.0225776,0.220060180872679,-0.0272863954305649,
,,,0.022628,0.220060180872679,-0.00316579546779394,
,,,0.0226784,0.247396858409047,0.00487440451979637,
,,,0.0227288,0.220060180872679,0.00487440451979637,
,,,0.0227792,0.220060180872679,-0.0112059954553843,
,,,0.0228296,0.247396858409047,0.0289950044825673,
,,,0.02288,0.220060180872679,0.00487440451979637,
,,,0.0229304,0.247396858409047,-0.0433667954057455,
,,,0.0229808,0.220060180872679,-0.0272863954305649,
,,,0.0230312,0.220060180872679,-0.0192461954429746,
,,,0.0230816,0.274733535945416,0.00487440451979637,
,,,0.023132,0.274733535945416,0.00487440451979637,
,,,0.0231824,0.302070213481784,-0.0112059954553843,
,,,0.0232328,0.274733535945416,-0.0112059954553843,
,,,0.0232832,0.274733535945416,-0.0353265954181552,
,,,0.0233336,0.274733535945416,-0.0192461954429746,
,,,0.023384,0.329406891018152,0.0289950044825673,
,,,0.0234344,0.274733535945416,-0.0594471953809261,
,,,0.0234848,0.329406891018152,-0.0272863954305649,
,,,0.0235352,0.329406891018152,0.020954804494977,
,,,0.0235856,0.356743568554521,-0.0192461954429746,
,,,0.023636,0.329406891018152,-0.0433667954057455,
,,,0.0236864,0.356743568554521,0.0289950044825673,
,,,0.0237368,0.329406891018152,-0.0112059954553843,
,,,0.0237872,0.329406891018152,-0.0192461954429746,
,,,0.0238376,0.302070213481784,0.0611558044329286,
,,,0.023888,0.329406891018152,0.0611558044329286,
,,,0.0239384,0.329406891018152,-0.0112059954553843,
,,,0.0239888,0.356743568554521,0.020954804494977,
,,,0.0240392,0.411416923627257,0.0531156044453382,
,,,0.0240896,0.329406891018152,0.0129146045073867,
,,,0.02414,0.356743568554521,0.0129146045073867,
,,,0.0241904,0.411416923627257,0.0289950044825673,
,,,0.0242408,0.438753601163626,0.0370352044701576,
,,,0.0242912,0.384080246090889,-0.00316579546779394,
,,,0.0243416,0.384080246090889,0.0129146045073867,
,,,0.024392,0.384080246090889,-0.0192461954429746,
,,,0.0244424,0.384080246090889,0.00487440451979637,
,,,0.0244928,0.411416923627257,0.0289950044825673,
,,,0.0245432,0.384080246090889,0.00487440451979637,
,,,0.0245936,0.384080246090889,0.0531156044453382,
,,,0.024644,0.384080246090889,-0.0353265954181552,
,,,0.0246944,0.411416923627257,-0.00316579546779394,
,,,0.0247448,0.411416923627257,0.0611558044329286,
,,,0.0247952,0.438753601163626,0.0289950044825673,
,,,0.0248456,0.384080246090889,0.0852764043956995,
,,,0.024896,0.384080246090889,0.0852764043956995,
,,,0.0249464,0.384080246090889,0.0450754044577479,
